,Label,index_20,index_21,index_22
5,cuenta,5.0,,
6,maquina,6.0,1.0,
33,localizado,33.0,28.0,
34,concentimiento para realizar la entrevista,34.0,,36.0
58,¿tiene algún jabón o detergente o ceniza/barro/arena en el hogar para lavarse las manos?,51.0,54.0,
59,"¿podría mostrármelo, por favor?",52.0,55.0,
60,anote la observación,53.0,56.0,
61,anote la observación,53.0,57.0,
62,anote la observación,53.0,58.0,
63,anote la observación,53.0,59.0,
64,anote la observación,54.0,56.0,
65,anote la observación,54.0,57.0,
66,anote la observación,54.0,58.0,
67,anote la observación,54.0,59.0,
68,anote la observación,55.0,56.0,
69,anote la observación,55.0,57.0,
70,anote la observación,55.0,58.0,
71,anote la observación,55.0,59.0,
72,anote la observación,56.0,56.0,
73,anote la observación,56.0,57.0,
74,anote la observación,56.0,58.0,
75,anote la observación,56.0,59.0,
79,¿la basura de esta vivienda...,60.0,,
84,¿esta vivienda tiene calentador de agua?,66.0,69.0,
85,¿esta vivienda tiene tinaco?,67.0,70.0,
86,¿esta vivienda tiene cisterna o aljibe?,68.0,71.0,
87,¿esta vivienda tiene medidor de luz?,69.0,72.0,
88,¿esta vivienda tiene aire acondicionado?,70.0,73.0,
89,"¿usted o alguien de la vivienda tiene otra casa, construcción, inmueble o terreno?",71.0,74.0,
90,¿usted o alguien de la vivienda tiene automóvil?,72.0,75.0,
91,¿usted o alguien de la vivienda tiene camioneta?,73.0,76.0,
92,¿usted o alguien de la vivienda tiene motocicleta o motoneta?,74.0,77.0,
93,"¿usted o alguien de la vivienda tiene otro vehículo (como lancha, trajinera o canoa)?",75.0,78.0,
99,entrevistador: por observación anote si las ventanas de la vivienda se encuentran abiertas,81.0,,
100,sección iii. características sociodemográficas,82.0,,68.0
101,numero de integrantes en el hogar,83.0,,
106,verificacion de seleccion,88.0,,75.0
107,ver seleccionados para cuestionarios individuales,89.0,,76.0
108,nota6 sección vi. otras características del hogar,90.0,,
112,"¿usted o algún integrante de su hogar tiene modulares, consola, estéreo o bocina?",94.0,93.0,
116,¿usted o algún integrante de su hogar tiene línea telefónica fija?,98.0,97.0,
117,¿usted o algún integrante de su hogar tiene plancha?,99.0,98.0,
118,¿usted o algún integrante de su hogar tiene licuadora?,100.0,99.0,
121,¿usted o algún integrante de su hogar tiene estufa de otro combustible o parrilla eléctrica?,103.0,102.0,
124,ingreso a la seccion 7,106.0,,
125,nota7 sección vii. gastos en el hogar,107.0,,
126,"gastos en alimentos, ultimos 7 dias en los últimos 7 días, ¿usted o algún miembro del hogar compró alguno de los siguientes productos? informante",108.0,,
127,cereales o derivados de cereales,109.0,,
128,cereales o derivados de cereales,110.0,,
129,cereales o derivados de cereales,111.0,,
130,cereales o derivados de cereales,112.0,,
131,cereales o derivados de cereales,113.0,,
132,cereales o derivados de cereales,114.0,,
133,cereales o derivados de cereales,115.0,,
134,cereales o derivados de cereales,116.0,,
135,arroz o maíz en grano,117.0,,
136,harina,118.0,,
137,"pan (bolillos, teleras, pan de caja, o pan dulce)",119.0,,
138,tortillas,120.0,,
139,pasta de cualquier tipo,121.0,,
140,cereales de caja,122.0,,
141,especifique otros cereales o derivados de cereales,123.0,,
142,otros cereales o derivados de cereales  (especifique),124.0,,
143,"tubérculos, quelites y hierbas de olor",125.0,,
144,"tubérculos, quelites y hierbas de olor",126.0,,
145,"tubérculos, quelites y hierbas de olor",127.0,,
146,"tubérculos, quelites y hierbas de olor",128.0,,
147,"tubérculos, quelites y hierbas de olor",129.0,,
148,"papas u otros tipos de tubérculos (camote, rábanos, etc)",130.0,,
149,hongos o quelites de cualquier tipo,131.0,,
150,"cilantro, perejil , epazote o cualquier tipo de hierba de olor",132.0,,
151,"especifique otros tubérculos, quelites o hierbas de olor",133.0,,
152,"otros tubérculos, quelites o hierbas de olor  (especifique)",134.0,,
153,legumbres y nueces,135.0,,
154,legumbres y nueces,136.0,,
155,legumbres y nueces,137.0,,
156,legumbres y nueces,138.0,,
157,legumbres y nueces,139.0,,
158,legumbres y nueces,140.0,,
159,legumbres y nueces,141.0,,
160,legumbres y nueces,142.0,,
161,"frijoles, lentejas, habas o garbanzos",143.0,,
162,chícharos o ejotes,144.0,,
163,soya,145.0,,
164,"nueces, almendras o cacahuates",146.0,,
165,semillas de cualquier tipo,147.0,,
166,especifique otras legumbres,148.0,,
167,otras legumbres  (especifique),149.0,,
168,especifique otros tipo de nueces o semillas,150.0,,
169,otros tipo de nueces o semillas  (especifique),151.0,,
170,verduras,152.0,,
171,verduras,153.0,,
172,verduras,154.0,,
173,verduras,155.0,,
174,verduras,156.0,,
175,verduras,157.0,,
176,verduras,158.0,,
177,verduras,159.0,,
178,verduras,160.0,,
179,verduras,161.0,,
180,verduras,162.0,,
181,verduras,163.0,,
182,verduras,164.0,,
183,verduras,165.0,,
184,verduras,166.0,,
185,verduras,167.0,,
186,verduras,168.0,,
187,jitomates,169.0,,
188,tomates verdes o tomatillos,170.0,,
189,chiles frescos o secos,171.0,,
190,lechugas de cualquier tipo,172.0,,
191,cebollas o cebollín,173.0,,
192,ajo,174.0,,
193,pimientos de cualquier tipo,175.0,,
194,calabacitas,176.0,,
195,zanahorias,177.0,,
196,chayotes,178.0,,
197,elotes,179.0,,
198,pepinos,180.0,,
199,jícamas,181.0,,
200,coliflor de cualquier tipo o col de cualquier tipo,182.0,,
201,espinacas o acelgas,183.0,,
202,especifique otras verduras,184.0,,
203,otras verduras     (especifique),185.0,,
204,frutas,186.0,,
205,frutas,187.0,,
206,frutas,188.0,,
207,frutas,189.0,,
208,frutas,190.0,,
209,frutas,191.0,,
210,frutas,192.0,,
211,frutas,193.0,,
212,frutas,194.0,,
213,frutas,195.0,,
214,frutas,196.0,,
215,frutas,197.0,,
216,frutas,198.0,,
217,frutas,199.0,,
218,manzanas o peras,200.0,,
219,"limones, naranjas, mandarinas o limas",201.0,,
220,plátanos,202.0,,
221,melones de cualquier tipo,203.0,,
222,sandías,204.0,,
223,piñas,205.0,,
224,mangos,206.0,,
225,papayas,207.0,,
226,"durazos, nectarinas, tejocotes",208.0,,
227,fresas,209.0,,
228,uvas,210.0,,
229,aguacates,211.0,,
230,especifique otras frutas,212.0,,
231,otras frutas  (especifique),213.0,,
232,"carnes, pescados y mariscos",214.0,,
233,"carnes, pescados y mariscos",215.0,,
234,"carnes, pescados y mariscos",216.0,,
235,"carnes, pescados y mariscos",217.0,,
236,"carnes, pescados y mariscos",218.0,,
237,"carne roja de cualquier tipo (res, cerdo, etc.)",219.0,,
238,"pollo, pavo, guajolote o cualquier tipo de carne blanca",220.0,,
239,cualquier tipo de pescado,221.0,,
240,cualquier tipo de mariscos,222.0,,
241,"especifique otro tipo de carnes, pescados o mariscos",223.0,,
242,"otro tipo de carnes, pescados o mariscos (especifique)",224.0,,
243,productos lácteos y huevo,225.0,,
244,productos lácteos y huevo,226.0,,
245,productos lácteos y huevo,227.0,,
246,productos lácteos y huevo,228.0,,
247,productos lácteos y huevo,229.0,,
248,huevos,230.0,,
249,leche,231.0,,
250,"lácteos como quesos, cremas o yogur",232.0,,
251,especifique otros productos lácteos,233.0,,
252,otros productos lácteos   (especifique),234.0,,
253,aceites y grasas,235.0,,
254,aceites y grasas,236.0,,
255,aceites y grasas,237.0,,
256,aceites y grasas,238.0,,
257,aceite o manteca para cocinar (de cualquier tipo),239.0,,
258,margarina o mantequilla,240.0,,
259,especifique otro tipo de aceites y grasas,241.0,,
260,otro tipo de aceites y grasas (especifique),242.0,,
261,azúcares,243.0,,
262,azúcares,244.0,,
263,azúcares,245.0,,
264,azúcares,246.0,,
265,azúcares,247.0,,
266,azúcares,248.0,,
267,azúcares,249.0,,
268,azúcar refinada o no refinada,250.0,,
269,"edulcorantes artificiales (canderel, splenda, stevia, etc.)",251.0,,
270,miel de abeja,252.0,,
271,"piloncillo o jarabes de cualquier tipo (maple, miel caro, etc.)",253.0,,
272,"cajeta, leche condesada u otros endulzantes",254.0,,
273,especifique otros endulzantes,255.0,,
274,otros endulzantes (especifique),256.0,,
275,condimentos,257.0,,
276,condimentos,258.0,,
277,condimentos,259.0,,
278,condimentos,260.0,,
279,condimentos,261.0,,
280,condimentos,262.0,,
281,condimentos,263.0,,
282,condimentos,264.0,,
283,sal,265.0,,
284,"especias (pimienta, comino, clavo, etc.)",266.0,,
285,"hierbas aromáticas (laurel, salvia, orégano, etc.)",267.0,,
286,vinagre,268.0,,
287,"sazonador en polvo (caldo de pollo, caldo de res, etc.)",269.0,,
288,"salsas (soya, inglesa, picantes, etc.)",270.0,,
289,especifique otros condimentos,271.0,,
290,otros condimentos (especifique),272.0,,
291,dulces y botanas,273.0,,
292,dulces y botanas,274.0,,
293,dulces y botanas,275.0,,
294,dulces y botanas,276.0,,
295,dulces y botanas,277.0,,
296,"dulces y caramelos (chocolates, caramelos, gomitas, etc.)",278.0,,
297,pastelitos y galletas,279.0,,
298,"botanas saladas (papitas, cacahuates, chicharrones, churritos, etc.)",280.0,,
299,especifique otras botanas o dulces,281.0,,
300,otras botanas o dulces (especifique),282.0,,
301,bebidas,283.0,,
302,bebidas,284.0,,
303,bebidas,285.0,,
304,bebidas,286.0,,
305,bebidas,287.0,,
306,bebidas,288.0,,
307,bebidas,289.0,,
308,bebidas,290.0,,
309,agua embotellada o de garrafón,291.0,,
310,tés o infusiones,292.0,,
311,café,293.0,,
312,refrescos o bebidas artificiales,294.0,,
313,jugos naturales,295.0,,
314,"cerveza, vino o licor",296.0,,
315,especifique otras bebidas,297.0,,
316,otras bebidas (especifique),298.0,,
317,alimentos procesados o preparados,299.0,,
318,alimentos procesados o preparados,300.0,,
319,alimentos procesados o preparados,301.0,,
320,alimentos procesados o preparados,302.0,,
321,alimentos procesados o preparados,303.0,,
322,comida preparada para microondas o congelada,304.0,,
323,comida a domicilio de cualquier tipo,305.0,,
324,comida preparada consumida en el hogar  [no incluir comida consumida fuera de casa],306.0,,
325,especifique otros alimentos preparados fuera de casa,307.0,,
326,otros alimentos preparados fuera de casa (especifique),308.0,,
327,consumo de alimentos fuera de casa,309.0,,
328,consumo de alimentos fuera de casa,310.0,,
329,consumo de alimentos fuera de casa,311.0,,
330,consumo de alimentos fuera de casa,312.0,,
331,consumo de alimentos fuera de casa,313.0,,
332,"comidas en restaurantes, fondas, o cocinas económicas",314.0,,
333,comidas o botanas en puestos callejeros o tienditas,315.0,,
334,bebidas de cualquier tipo compradas en puestos o tienditas,316.0,,
335,especifique otro tipo de comida o bebida consumida fuera de casa por cualquier miembro del hogar,317.0,,
336,otro tipo de comida o bebida consumida fuera de casa por cualquier miembro del hogar (especifique),318.0,,
337,"gastos no alimentario, mensual  en las últimas 4 semanas, ¿usted o alguien en este hogar gastó en, o estuvo pagando, alguno de los siguientes servicios o artículos que le voy a mencionar?  informante",319.0,,
338,tabaco o cigarros,320.0,,
339,tabaco o cigarros,321.0,,
340,cigarros o tabaco,322.0,,
341,rentas y servicios,323.0,,
342,rentas y servicios,324.0,,
343,rentas y servicios,325.0,,
344,rentas y servicios,326.0,,
345,rentas y servicios,327.0,,
346,rentas y servicios,328.0,,
347,rentas y servicios,329.0,,
348,rentas y servicios,330.0,,
349,rentas y servicios,331.0,,
350,rentas y servicios,332.0,,
351,rentas y servicios,333.0,,
352,rentas y servicios,334.0,,
353,renta,335.0,,
354,hipotecas o créditos,336.0,,
355,pago de agua,337.0,,
356,pago de luz,338.0,,
357,pago de gas,339.0,,
358,compra de leña u otros combustibles para cocinar,340.0,,
359,pago por recolección de basura,341.0,,
360,"televisión por cable, satelital",342.0,,
361,internet y teléfono fijo,343.0,,
362,pago de celulares,344.0,,
363,especifique otro pago de servicios o créditos en este hogar,345.0,,
364,otro pago de servicios o créditos en este hogar (especifique),346.0,,
365,transporte,347.0,,
366,transporte,348.0,,
367,transporte,349.0,,
368,transporte,350.0,,
369,"transporte público como taxi, colectivo, combi, autobús, metro, etc, para transportarse al trabajo o a la escuela",351.0,,
370,"autobuses foráneos, aviones, barcos o trenes para viajes extraordinarios (vacaciones, eventos sociales, etc.)",352.0,,
371,especifique otros gastos para transportarse,353.0,,
372,otros gastos para transportarse (especifique),354.0,,
373,"higiene personal, limpieza y mantenimiento del hogar",355.0,,
374,"higiene personal, limpieza y mantenimiento del hogar",356.0,,
375,"higiene personal, limpieza y mantenimiento del hogar",357.0,,
376,"higiene personal, limpieza y mantenimiento del hogar",358.0,,
377,"higiene personal, limpieza y mantenimiento del hogar",359.0,,
378,"higiene personal, limpieza y mantenimiento del hogar",360.0,,
379,"higiene personal, limpieza y mantenimiento del hogar",361.0,,
380,"higiene personal, limpieza y mantenimiento del hogar",362.0,,
381,"higiene personal, limpieza y mantenimiento del hogar",363.0,,
382,"higiene personal, limpieza y mantenimiento del hogar",364.0,,
383,"higiene personal, limpieza y mantenimiento del hogar",365.0,,
384,"productos de higiene personal (jabón, shampoo, pasta de dientes, desodorantes, cremas, etc.)",366.0,,
385,"cosméticos, algodones, toallitas limpiadoras",367.0,,
386,"papel de baño, pañuelos, toallas sanitarias",368.0,,
387,servicios de peluquería o salón de belleza,369.0,,
388,pañales,370.0,,
389,detergentes y productos de limpieza para la casa,371.0,,
390,"tintorería, lavandería, pago de planchado y lavado",372.0,,
391,"pago de mantenimiento en la vivienda (limpieza, jardinería, etc)",373.0,,
392,especifique otros productos o servicios de higiene personal o limpieza del hogar,374.0,,
393,otros productos o servicios de higiene personal o limpieza del hogar (especifique),375.0,,
394,"gastos no alimentario, trimestral  en los últimos 3 meses, ¿usted o alguien en este hogar gastó en, o estuvo pagando, alguno de los siguientes servicios o artículos que le voy a mencionar?  informante",376.0,,
395,consulta externa (no hospitalaria ni de embarazo),377.0,,
396,consulta externa (no hospitalaria ni de embarazo),378.0,,
397,consulta externa (no hospitalaria ni de embarazo),379.0,,
398,consulta externa (no hospitalaria ni de embarazo),380.0,,
399,consulta externa (no hospitalaria ni de embarazo),381.0,,
400,consulta externa (no hospitalaria ni de embarazo),382.0,,
401,consultas con médico general,383.0,,
402,"consultas con médico especialista (pediatría y ginecología, etc.)",384.0,,
403,"consultas dentales (placas dentales o prótesis dentales, etc.)",385.0,,
404,"análisis clínicos y estudios médicos: rayos x, tamiz, exudados, etc.",386.0,,
405,"consultas con curandero, huesero, quiropráctico, etcétera",387.0,,
406,¿alguna persona del hogar ha estado embarazada durante los últimos tres meses?,388.0,,
407,servicios médicos durante el parto,389.0,,
408,servicios médicos durante el parto,390.0,,
409,servicios médicos durante el parto,391.0,,
410,servicios médicos durante el parto,392.0,,
411,servicios médicos durante el parto,393.0,,
412,servicios médicos durante el parto,394.0,,
413,servicios médicos durante el parto,395.0,,
414,"honorarios por servicios profesionales: cirugía, anestesia, etcétera",396.0,,
415,hospitalización,397.0,,
416,hospitalización,445.0,,
417,"análisis clínicos y estudios médicos: rayos x, ultrasonido, etcétera",398.0,,
418,medicamentos recetados y material de curación,399.0,,
419,medicamentos recetados y material de curación,447.0,,
420,servicio de partera,400.0,,
421,"especifique otros servicios como ambulancia, etcétera",401.0,,
422,"otros servicios como ambulancia, etcétera (especifique)",402.0,,
423,medicamentos,403.0,,
424,medicamentos,404.0,,
425,medicamentos,405.0,,
426,medicamentos,406.0,,
427,medicamentos,407.0,,
428,medicamentos,408.0,,
429,medicamentos,409.0,,
430,medicamentos,410.0,,
431,medicamentos,411.0,,
432,medicamentos,412.0,,
433,medicamentos,413.0,,
434,medicamentos,414.0,,
435,medicamentos,415.0,,
436,medicamentos,416.0,,
437,medicamentos,417.0,,
438,medicamentos,418.0,,
439,medicamentos,419.0,,
440,"diarrea, infecciones y malestar estomacal",420.0,,
441,gripe,421.0,,
442,piel,422.0,,
443,alergias,423.0,,
444,tos,424.0,,
445,infecciones de la garganta,425.0,,
446,fiebre,426.0,,
447,inflamación,427.0,,
448,otras infecciones (antibióticos),428.0,,
449,dolor de cabeza y migraña,429.0,,
450,otro tipo de dolores,430.0,,
451,presión arterial,431.0,,
452,diabetes,432.0,,
453,vitaminas,433.0,,
454,anticonceptivos,434.0,,
455,especifique otros medicamentos con receta,435.0,,
456,otros medicamentos con receta (especifique),436.0,,
457,atención hospitalaria (no incluye parto),437.0,,
458,atención hospitalaria (no incluye parto),438.0,,
459,atención hospitalaria (no incluye parto),439.0,,
460,atención hospitalaria (no incluye parto),440.0,,
461,atención hospitalaria (no incluye parto),441.0,,
462,atención hospitalaria (no incluye parto),442.0,,
463,atención hospitalaria (no incluye parto),443.0,,
464,"honorarios por servicios profesionales: cirujano, anestesista, etc.",444.0,,
465,"análisis clínicos y estudios médicos (rayos x, electros, etc.)",446.0,,
466,"otros: servicio de ambulancia, oxígeno, suero, sondas, bolsas de diálisis y de orina, cómodos, etc.",448.0,,
467,"medicamentos naturistas, hierbas medicinales, remedios caseros",449.0,,
468,medicamentos homeopáticos,450.0,,
469,aparatos ortopédicos y terapéuticos,451.0,,
470,aparatos ortopédicos y terapéuticos,452.0,,
471,aparatos ortopédicos y terapéuticos,453.0,,
472,aparatos ortopédicos y terapéuticos,454.0,,
473,anteojos y lentes de contacto,455.0,,
474,aparatos para sordera,456.0,,
475,"aparatos ortopédicos y para terapia, silla de ruedas, andadera, muletas, etcétera",457.0,,
476,"especifiqueotros: pago de enfermeras y personal al cuidado de enfermos, terapias, etcétera",458.0,,
477,"otros: pago de enfermeras y personal al cuidado de enfermos, terapias, etcétera (especifique)",459.0,,
478,seguro médico,460.0,,
479,seguro médico,461.0,,
480,seguro médico,462.0,,
481,seguro médico,463.0,,
482,cuotas a hospitales y clínicas,464.0,,
483,cuotas a compañías de seguros,465.0,,
484,cuotas a seguro popular,466.0,,
485,"gastos no alimentario, semestral en los últimos  6 meses, ¿usted o alguien en este hogar gastó en, o estuvo pagando, alguno de los siguientes servicios o artículos que le voy a mencionar?  informante",467.0,,
486,ropa y calzado,468.0,,
487,ropa y calzado,469.0,,
488,ropa y calzado,470.0,,
489,ropa y calzado,471.0,,
490,ropa y zapatos para miembros del hogar,472.0,,
491,costo de reparación de calzado y ropa,473.0,,
492,especifique otros gastos relacionados con calzado y ropa,474.0,,
493,otros gastos relacionados con calzado y ropa (especifique),475.0,,
494,vivienda,476.0,35.0,
495,vivienda,477.0,35.0,
496,vivienda,478.0,35.0,
497,vivienda,479.0,35.0,
498,vivienda,480.0,35.0,
499,vivienda,481.0,35.0,
500,vivienda,482.0,35.0,
501,"muebles para el hogar como sillas, mesas, sillones, camas, etc.",483.0,,
502,"utensilios de cocina y comedor (platos, vasos, cubiertos, cacerolas, sartenes, etc.)",484.0,,
503,"accesorios para baño y recámara (toallas, sábanas, cobijas, cobertores, etc.)",485.0,,
504,"materiales de construcción (cemento, tabique, madera, etc.)",486.0,,
505,"reparación y mantenimiento de la vivienda (servicios de albañilería, plomería, pintura, etc.)",487.0,,
506,especifique otros costos en la vivienda,488.0,,
507,otros costos en la vivienda (especifique),489.0,,
508,otros bienes y servicios de mantenimiento,490.0,,
509,otros bienes y servicios de mantenimiento,491.0,,
510,otros bienes y servicios de mantenimiento,492.0,,
511,otros bienes y servicios de mantenimiento,493.0,,
512,otros bienes y servicios de mantenimiento,494.0,,
513,otros bienes y servicios de mantenimiento,495.0,,
514,otros bienes y servicios de mantenimiento,496.0,,
515,otros bienes y servicios de mantenimiento,497.0,,
516,"vehículos como autos, motocicletas, bicicletas, etc.",498.0,,
517,"reparación y mantenimiento de vehículos (servicio del coche, taller mecánico, verificación, etc.)",499.0,,
518,"artículos electrónicos (computadora, celular, tabletas, televisión, etc.)",500.0,,
519,"electrodomésticos (lavadora, refrigerador, plancha, aspiradora, horno de microondas, lavaplatos, etc.)",501.0,,
520,"artículos de joyería, relojería o accesorios (bolsas, carteras, alhajas, cinturones, aretes, etc.)",502.0,,
521,especifique otros aparatos eléctricos,503.0,,
522,otros aparatos eléctricos (especifique),504.0,,
523,especifique otros servicios de reparación y mantenimiento,505.0,,
524,otros servicios de reparación y mantenimiento (especifique),506.0,,
525,gastos escolares,507.0,,
526,gastos escolares,508.0,,
527,gastos escolares,509.0,,
528,gastos escolares,510.0,,
529,gastos escolares,511.0,,
530,gastos escolares,512.0,,
531,colegiaturas,513.0,,
532,inscripción,514.0,,
533,uniformes,515.0,,
534,"material escolar (libros, libretas, lápices, plumas, etc.)",516.0,,
535,especifique otros costos escolares,517.0,,
536,"otros costos escolares (cuotas, viajes escolares, etc.) (especifique)",518.0,,
537,"cultura, entretenimiento y eventos especiales",519.0,,
538,"cultura, entretenimiento y eventos especiales",520.0,,
539,"cultura, entretenimiento y eventos especiales",521.0,,
540,"cultura, entretenimiento y eventos especiales",522.0,,
541,"cultura, entretenimiento y eventos especiales",523.0,,
542,"cultura, entretenimiento y eventos especiales",524.0,,
543,"cultura, entretenimiento y eventos especiales",525.0,,
544,"cultura, entretenimiento y eventos especiales",526.0,,
545,"libros, dvd, discos, juegos de mesa, revistas, periódicos, etc.",527.0,,
546,"salidas al teatro, cine, eventos culturales y musicales (conciertos, festivales, museos, etc.)",528.0,,
547,"bodas, quince años, bautizos, fiestas de cumpleaños, mayordomías, etc.",529.0,,
548,funerales,530.0,,
549,"viajes, vacaciones, etc.",531.0,,
550,especifique otros eventos especiales,532.0,,
551,especifique otros eventos especiales,547.0,,
552,otros eventos especiales (especifique),533.0,,
553,recurso financiero,534.0,,
554,recurso financiero,535.0,,
555,recurso financiero,536.0,,
556,recurso financiero,537.0,,
557,recurso financiero,538.0,,
558,recurso financiero,539.0,,
559,recurso financiero,540.0,,
560,recurso financiero,541.0,,
561,"ahorros (cuentas bancarias, tandas, etcétera)?",542.0,,
562,"venta de propiedades, muebles o animales?",543.0,,
563,empeño de bienes?,544.0,,
564,préstamos o envíos de dinero de familiares u otras personas fuera del hogar?,545.0,,
565,crédito bancario?,546.0,,
566,otro recurso financiero (especifica)?,548.0,,
567,nota 8 sección 8. seguridad alimentaria,549.0,,
568,"en los últimos tres meses, por falta de dinero u otros recursos, ¿alguna vez usted se preocupó de que los alimentos se acabaran en su hogar?",550.0,107.0,
569,"en los últimos tres meses, por falta de dinero u otros recursos, ¿alguna vez en su hogar se quedaron sin alimentos?",551.0,108.0,
570,"en los últimos tres meses, por falta de dinero u otros recursos, ¿alguna vez en su hogar dejaron de tener una alimentación saludable, nutritiva, balanceada, equilibrada?",552.0,109.0,
571,"en los últimos tres meses, por falta de dinero u otros recursos, ¿alguna vez usted o algún adulto en su hogar tuvo una alimentación basada en poca variedad de alimentos?",553.0,110.0,
572,"en los últimos tres meses, por falta de dinero u otros recursos, ¿alguna vez usted o algún adulto en su hogar dejó de desayunar, comer, almorzar o cenar?",554.0,111.0,
573,"en los últimos tres meses, por falta de dinero u otros recursos, ¿alguna vez usted o algún adulto en su hogar comió menos de lo que debía comer?",555.0,112.0,
574,"en los últimos tres meses, por falta de dinero u otros recursos, ¿alguna vez usted o algún adulto en su hogar sintió hambre pero no comió?",556.0,113.0,
575,"en los últimos tres meses, por falta de dinero u otros recursos, ¿alguna vez usted o algún adulto en su hogar solo comió una vez al día o dejó de comer todo un día?",557.0,114.0,
576,¿en su hogar viven personas menores de 18 años?,558.0,115.0,
577,"en los últimos tres meses, por falta de dinero u otros recursos, ¿alguna vez algún menor de 18 años en su hogar dejó de tener una alimentación saludable, nutritiva, balanceada, equilibrada?",559.0,116.0,
578,"en los últimos tres meses, por falta de dinero u otros recursos, ¿alguna vez algún menor de 18 años en su hogar tuvo una alimentación basada en poca variedad de alimentos?",560.0,117.0,
579,"en los últimos tres meses, por falta de dinero u otros recursos, ¿alguna vez algún menor de 18 años en su hogar dejó de desayunar, comer, almorzar o cenar?",561.0,118.0,
580,"en los últimos tres meses, por falta de dinero u otros recursos, ¿alguna vez algún menor de 18 años en su hogar comió menos de lo que debía?",562.0,119.0,
581,"en los últimos tres meses, por falta de dinero u otros recursos, ¿alguna vez tuvieron que disminuir la cantidad servida en las comidas a algún menor de 18 años en su hogar?",563.0,120.0,
582,"en los últimos tres meses, por falta de dinero u otros recursos, ¿alguna vez algún menor de 18 años en su hogar sintió hambre pero no comió?",564.0,121.0,
583,"en los últimos tres meses, por falta de dinero u otros recursos, ¿alguna vez algún menor de 18 años en su hogar solo comió una vez al día o dejó de comer todo un día?",565.0,122.0,
584,nota9 grupos de riesgo para enfermar por covid-19 y factores de riesgo,566.0,136.0,
585,entrevistador: anote el nombre y número de registro del adulto que responde,567.0,,
586,"en su hogar, habitan personas de 60 años y más?",568.0,137.0,
587,cuántas personas,569.0,138.0,
588,cuántas personas,569.0,140.0,
589,cuántas personas,569.0,142.0,
590,cuántas personas,571.0,138.0,
591,cuántas personas,571.0,140.0,
592,cuántas personas,571.0,142.0,
593,cuántas personas,573.0,138.0,
594,cuántas personas,573.0,140.0,
595,cuántas personas,573.0,142.0,
596,"en su hogar, habitan menores de 5 años?",570.0,139.0,
597,"en su hogar, habitan embarazadas?",572.0,141.0,
598,nota10 sección x. conocimiento y medidas de mitigación ante el covid-19,574.0,143.0,
599,¿sabe qué es el covid-19?,575.0,144.0,
600,especifique,576.0,145.0,
601,especifique,576.0,148.0,
602,especifique,576.0,153.0,
603,especifique,576.0,158.0,
604,especifique,601.0,145.0,
605,especifique,601.0,148.0,
606,especifique,601.0,153.0,
607,especifique,601.0,158.0,
608,especifique,652.0,145.0,
609,especifique,652.0,148.0,
610,especifique,652.0,153.0,
611,especifique,652.0,158.0,
612,¿qué medidas previenen el covid?,577.0,,
613,¿qué medidas previenen el covid?,578.0,,
614,¿qué medidas previenen el covid?,579.0,,
615,¿qué medidas previenen el covid?,580.0,,
616,¿qué medidas previenen el covid?,581.0,,
617,¿qué medidas previenen el covid?,582.0,,
618,¿qué medidas previenen el covid?,583.0,,
619,¿qué medidas previenen el covid?,584.0,,
620,¿qué medidas previenen el covid?,585.0,,
621,"de las medidas que mencionó como prevención del covid, ¿cuáles adoptó con mayor frecuencia durante el confinamiento del 23 de marzo al 31 de mayo del 2020?",586.0,,
622,"de las medidas que mencionó como prevención del covid, ¿cuáles adoptó con mayor frecuencia durante el confinamiento del 23 de marzo al 31 de mayo del 2020?",587.0,,
623,"de las medidas que mencionó como prevención del covid, ¿cuáles adoptó con mayor frecuencia durante el confinamiento del 23 de marzo al 31 de mayo del 2020?",588.0,,
624,"de las medidas que mencionó como prevención del covid, ¿cuáles adoptó con mayor frecuencia durante el confinamiento del 23 de marzo al 31 de mayo del 2020?",589.0,,
625,"de las medidas que mencionó como prevención del covid, ¿cuáles adoptó con mayor frecuencia durante el confinamiento del 23 de marzo al 31 de mayo del 2020?",590.0,,
626,"de las medidas que mencionó como prevención del covid, ¿cuáles adoptó con mayor frecuencia durante el confinamiento del 23 de marzo al 31 de mayo del 2020?",591.0,,
627,"de las medidas que mencionó como prevención del covid, ¿cuáles adoptó con mayor frecuencia durante el confinamiento del 23 de marzo al 31 de mayo del 2020?",592.0,,
628,"de las medidas que mencionó como prevención del covid, ¿cuáles adoptó con mayor frecuencia durante el confinamiento del 23 de marzo al 31 de mayo del 2020?",593.0,,
629,"de las medidas que mencionó como prevención del covid, ¿cuáles adoptó con mayor frecuencia durante el confinamiento del 23 de marzo al 31 de mayo del 2020?",594.0,,
630,durante el confinamiento del 23 de marzo al 31 de mayo del 2020 ¿usted/nombre tuvo que salir de casa con frecuencia por?.,595.0,,
631,durante el confinamiento del 23 de marzo al 31 de mayo del 2020 ¿usted/nombre tuvo que salir de casa con frecuencia por?.,596.0,,
632,durante el confinamiento del 23 de marzo al 31 de mayo del 2020 ¿usted/nombre tuvo que salir de casa con frecuencia por?.,597.0,,
633,durante el confinamiento del 23 de marzo al 31 de mayo del 2020 ¿usted/nombre tuvo que salir de casa con frecuencia por?.,598.0,,
634,durante el confinamiento del 23 de marzo al 31 de mayo del 2020 ¿usted/nombre tuvo que salir de casa con frecuencia por?.,599.0,,
635,durante el confinamiento del 23 de marzo al 31 de mayo del 2020 ¿usted/nombre tuvo que salir de casa con frecuencia por?.,600.0,,
636,durante el período de confinamiento (23 de marzo- 31 de mayo 2020) debido a covid-19 con qué frecuencia a) usó el transporte público?,602.0,,
637,del 1 de junio a la fecha con qué frecuencia usó el transporte público?,603.0,,
638,"durante el período de confinamiento (23 de marzo- 31 de mayo 2020) debido a covid-19 con qué frecuencia acudió a algún parque, concierto, bar, restaurante o algún otro lugar concurrido?",604.0,,
639,"del 1 de junio a la fecha con qué frecuencia b) acudió a algún parque, concierto, bar, restaurante o algún otro lugar concurrido?",605.0,,
640,nota12 sección xii. acciones familiares durante el covid 19,606.0,,
641,"en este hogar, ¿cuántas personas en edad escolar hay?",607.0,,
642,"durante el confinamiento de covid-19 (23 de marzo al 05 de junio), ¿cuántos miembros del hogar estudiaron en sus libros de texto gratuito o en cuadernillos?",608.0,,
643,"durante el confinamiento de covid-19 (23 de marzo al 05 de junio), ¿cuántos miembros del hogar tomaron clases virtuales en plataformas como: zoom, skype, google classroom, teams, entre otras?",609.0,,
644,"durante el confinamiento de covid-19 (23 de marzo al 05 de junio), ¿cuántos miembros del hogar tomaron clases por tv o radio?",610.0,,
645,"durante el confinamiento de covid-19 (23 de marzo al 05 de junio), ¿cuántos miembros del hogar algún miembro de la familia estudió sin estar inscrito en la escuela?",611.0,,
646,nota13 sección xiii. casos positivos de covid-19,612.0,,
647,nota14 sección 14. alimentación durante el confinamiento,613.0,,
648,"en comparación con su consumo habitual antes de la contingencia por covid-19, durante el período de confinamiento (23 de marzo a 31 de mayo) el consumo de frutas en su hogar??",614.0,,
649,"en comparación con su consumo habitual antes de la contingencia por covid-19, durante el período de confinamiento (23 de marzo a 31 de mayo) el consumo de verduras en su hogar??",615.0,,
650,"en comparación con su consumo habitual antes de la contingencia por covid-19, durante el período de confinamiento (23 de marzo a 31 de mayo) el consumo de leguminosas (frijol, lentejas, habas, garbanzos, etc) en su hogar??",616.0,,
651,"en comparación con su consumo habitual antes de la contingencia por covid-19, durante el período de confinamiento (23 de marzo a 31 de mayo) el consumo de carne de res, carne de cerdo, pollo, pescado en su hogar??",617.0,,
652,"en comparación con su consumo habitual antes de la contingencia por covid-19, durante el período de confinamiento (23 de marzo a 31 de mayo) el consumo de leche, queso, yogurt, etc,. en su hogar??",618.0,,
653,"en comparación con su consumo habitual antes de la contingencia por covid-19, durante el período de confinamiento (23 de marzo a 31 de mayo) el consumo de alimentos como tortilla, arroz, avena, sopa de pasta, pan blanco, en su hogar??",619.0,,
654,"en comparación con su consumo habitual antes de la contingencia por covid-19, durante el período de confinamiento (23 de marzo a 31 de mayo) el consumo de dulces como caramelos o chocolates en su hogar?",620.0,,
655,"en comparación con su consumo habitual antes de la contingencia por covid-19, durante el período de confinamiento (23 de marzo a 31 de mayo) el consumo de botanas en su hogar??",621.0,,
656,"en comparación con su consumo habitual antes de la contingencia por covid-19, durante el período de confinamiento (23 de marzo a 31 de mayo) el consumo de pan dulce, pastelillos o postres en su hogar??",622.0,,
657,"bebidas endulzadas como refrescos, aguas de sabor con azúcar, jugos o néctares de frutas industrializados en su hogar?",623.0,,
658,nota15 sección 15. cuestionario de situación económica ante el covid 19,624.0,,
659,"a causa del covid-19 (coronavirus), en su hogar ¿tuvieron que reducir sus gastos generales durante la contingencia de marzo a junio?",625.0,,
660,"a causa del covid-19 (coronavirus), en su hogar ¿tuvieron que reducir sus gastos en alimentos durante la contingencia de marzo a junio?",626.0,,
661,"a causa del covid-19 (coronavirus), ¿en su hogar cuántos miembros de su hogar dejaron de recibir ingresos durante la contingencia de marzo a junio?",627.0,,
662,"a causa del covid-19 (coronavirus), en su hogar a cuántos miembros de su hogar les han reducido el sueldo?",628.0,,
663,"a causa del covid-19 (coronavirus), ¿en su hogar cuántos miembros de su hogar perdieron su empleo?",629.0,,
664,"¿antes del coronavirus (?en febrero?) cuánto dinero ganaban entre todos los miembros de su hogar al mes, aproximadamente?",630.0,,
665,nota17 sección 17a. sección para reconocimiento situacional de socialización,631.0,,
666,17a.2 socialización,632.0,,
667,"¿alguna persona (familiar o amigo) le llamó a usted, por teléfono, whatsapp, skype, facebook, etcét",633.0,,
668,"¿ usted le llamó a alguna persona (familiar o amigo) por teléfono, whatsapp, skype, facebook, etcéte",634.0,,
669,¿a usted le hubiera gustado hacer nuevos amigos?,635.0,,
670,"¿a usted le hubiera gustado formar parte de los grupos (a distancia) para ver y escuchar música, pel",636.0,,
671,¿a usted le hubiera gustado compartir (a distancia) sus ideas para llevar a cabo actividades de oci,637.0,,
672,¿usted tiene a alguien con quien pueda hablar de sus problemas cotidianos?,638.0,,
673,¿ usted cree que hay personas que se preocupan por usted?,639.0,,
674,¿ usted tiene amigos o familiares cuando le hacen falta?,640.0,,
675,¿ usted siente que no le hacen caso?,641.0,,
676,¿usted se siente triste?,642.0,,
677,¿se siente usted solo o sola?,643.0,,
678,"¿y, por la noche, usted se siente solo (a)?",644.0,,
679,¿usted se siente querido o querida?,645.0,,
680,"durante el tiempo de confinamiento (23 de marzo a 31 de mayo), usted tuvo que salir de su casa por a",646.0,,
681,"durante el tiempo de confinamiento (23 de marzo a 31 de mayo), alguien le apoyaba para hacer las com",647.0,,
682,¿quién le apoyaba?,648.0,,
683,¿quién le apoyaba?,649.0,,
684,¿quién le apoyaba?,650.0,,
685,¿quién le apoyaba?,651.0,,
686,nota17n sección xvii. nueva normalidad ante el covid 19,653.0,,
687,actualmente acude a su lugar de trabajo?,654.0,,
688,se mantiene una distancia de 1.5 metros entre personas?,655.0,,
689,hay gel antibacterial disponible?,656.0,,
690,hay jabón y agua para lavarse las manos?,657.0,,
691,las personas usan cubrebocas?,658.0,,
692,se limpian los espacios de trabajo (incluyendo superficies)?,659.0,,
693,se estimula que las personas hagan trabajo a distancia tanto como sea posible?,660.0,,
694,las personas de más de 60 años acuden a trabajar?,661.0,,
695,las personas con enfermedades crónicas como diabetes e hipertensión acuden a trabajar?,662.0,,
696,se ha implementado un esquema de horarios escalonados para disminuir el número de personas en el es,663.0,,
697,se ha respetado el horario y días de trabajo escalonado?,664.0,,
698,le han explicado o compartido información sobre el plan y acciones para la nueva normalidad?,665.0,,
699,¿en su hogar se lavan las manos con agua y jabón por 20 segundos?,666.0,,
700,¿en su hogar una sola persona sale a hacer las compras?,667.0,230.0,
701,¿en su hogar han pasado los fines de semana en casa?,668.0,232.0,
702,¿en su hogar los han visitado en casa?,669.0,233.0,
703,¿en su hogar los integrantes que aún estudian han continuado clases vía virtual?,670.0,235.0,
704,¿usa el transporte público camión/metro/taxi/pesero?,671.0,,
705,en el transporte público ha caminado más para evitar usar camiones?,672.0,,
706,en el transporte público las personas usan cubrebocas en el camión/metro/taxi/pesero?,673.0,,
707,en el transporte público las personas llevan gel desinfectante para limpiarse las manos después de bajar del transporte?,674.0,,
711,duración de la entrevista,678.0,,164.0
714,folio de remplazo,681.0,,
716,regiones cv-19,683.0,,
717,estrato de urbanidad según tamaño de la localidad,684.0,,
718,estrato de selección,685.0,,
720,ponderador de sección detallada de ingreso,687.0,,
721,estrato de urbanidad censo 2020,688.0,,
722,ponderador actualizado para censo 2020,689.0,,
723,ponderador de sección detallada de ingreso actualizado para censo 2020,690.0,,
724,estrato de urbanidad censo 2020 recodificado,691.0,,
725,region o zona de trabajo,,30.0,31.0
726,region de selección,,31.0,
727,hogar,,36.0,
728,basura de esta vivienda...,,63.0,57.0
729,num_int,,84.0,70.0
730,nota5 sección v. otras características del hogar,,89.0,77.0
731,nota 6 sección vi. apoyo de programas sociales,,105.0,98.0
732,nota 7 sección vii. seguridad alimentaria,,106.0,
733,sección viii. escala de experiencias de inseguridad del agua en el hogar,,123.0,99.0
734,"en las últimas 4 semanas, ¿con qué frecuencia usted o alguien en su hogar se preocupó de no tener suficiente agua para todas las necesidades de su hogar?",,124.0,100.0
735,"en las últimas 4 semanas, ¿con qué frecuencia se ha interrumpido o disminuido el suministro de las fuentes principales de agua en su hogar (por ejemplo, menor presión o interrupción del agua entubada, menor caudal en el río donde se abastece elf54y�",,125.0,
736,"en las últimas 4 semanas, ¿con qué frecuencia no ha habido suficiente agua en el hogar para lavar la ropa?",,126.0,102.0
737,"en las últimas 4 semanas, ¿con qué frecuencia usted o alguien en su hogar tuvo que cambiar sus horarios o/ planes debido a problemas con el agua? (las actividades que pueden haber sido interrumpidas incluyen cuidar a otros, hacer tareas domésticaf5",,127.0,
738,"en las últimas 4 semanas, ¿con qué frecuencia usted o alguien en su hogar, ha tenido que cambiar lo que iba a comer porque había problemas con el agua (por ejemplo, para lavar los alimentos, cocinar, etc.)?",,128.0,104.0
739,"en las últimas 4 semanas, ¿con qué frecuencia usted o alguien en su hogar, no pudo lavarse las manos después de actividades antihigiénicas (como, después de ir al baño o cambiar pañales, limpiar desechos de animal) porque no tenía suficientef54y�",,129.0,
740,"en las últimas 4 semanas, ¿con qué frecuencia usted o alguien en su hogar no pudo bañarse porque no había suficiente agua? (por ejemplo, no hay suficiente agua, está sucia, difícil acceso)",,130.0,
741,"en las últimas 4 semanas, ¿con qué frecuencia no hubo suficiente agua para beber para usted u otro integrante de su hogar?",,131.0,107.0
742,"en las últimas 4 semanas, ¿con qué frecuencia usted o alguien en su hogar se sintió molesto(a) por alguna situación referente al agua?",,132.0,108.0
743,"en las últimas 4 semanas, ¿con qué frecuencia usted o alguien en su hogar se durmió con sed porque no había agua para beber?",,133.0,109.0
744,"en las últimas 4 semanas, ¿con qué frecuencia hubo en su hogar agua no potable o que no se puede tomar?",,134.0,
745,"en las últimas 4 semanas, ¿con qué frecuencia usted o alguien en su hogar sintió vergüenza o rechazo a causa de los problemas con el agua?",,135.0,
746,"durante el último mes, ¿qué tan seguido ha utilizado el cubrebocas al salir de su casa o al convivir con personas que no viven con usted?",,146.0,
747,¿por qué ha hecho excepciones para cumplir con el uso de cubrebocas durante el último mes?,,147.0,
748,"durante el último mes, ¿qué tanto ha cumplido con la medida de quedarse en casa?",,149.0,
749,"¿por qué ha hecho excepciones para cumplir con quedarse en casa, durante el último mes?",,150.0,
750,"¿por qué ha hecho excepciones para cumplir con quedarse en casa, durante el último mes?",,151.0,
751,"¿por qué ha hecho excepciones para cumplir con quedarse en casa, durante el último mes?",,152.0,
752,"durante el último mes, ¿qué tanto ha cumplido con la medida de no acudir a lugares concurridos?",,154.0,
753,"¿por qué ha hecho excepciones a la medida de no acudir a lugares concurridos, durante el último mes?",,155.0,
754,"¿por qué ha hecho excepciones a la medida de no acudir a lugares concurridos, durante el último mes?",,156.0,
755,"¿por qué ha hecho excepciones a la medida de no acudir a lugares concurridos, durante el último mes?",,157.0,
756,nota11 sección xi. acciones familiares durante el covid 19,,159.0,
757,"en este hogar, ¿cuántas personas estudian?",,160.0,
758,de enero a la fecha ¿cuántos miembros del hogar toman clases en forma presencial?,,161.0,
759,"de enero a la fecha ¿cuántos miembros del hogar toman clases a distancia en medios virtuales a través de plataformas como: zoom, skype, google classroom, teams, entre otras?",,162.0,
760,de enero a la fecha ¿cuántos miembros del hogar toman clases en televisión o radio?,,163.0,
761,de enero a la fecha ¿cuántos miembros del hogar toman clases en cuadernillos o materiales impresos?,,164.0,
762,"para el regreso a clases, ¿las autoridades o maestros le informaron sobre las medidas de higiene y seguridad que se implementarían en la escuela?",,165.0,
763,"para el regreso a clases, ¿las autoridades o maestros les toman la temperatura a los niños al ingresar a la escuela?",,166.0,
764,"para el regreso a clases, ¿las autoridades o maestros les proporcionan soluciones de alcohol gel para desinfectar sus manos?",,167.0,
765,"para el regreso a clases, ¿las autoridades o maestros solicitaron que los niños usen cubrebocas?",,168.0,
766,"para el regreso a clases, ¿las autoridades o maestros solicitaron que los niños usen careta?",,169.0,
767,"para el regreso a clases, ¿las autoridades o maestros eliminaron los saludos que impliquen contacto físico?",,170.0,
768,"para el regreso a clases, ¿las autoridades o maestros implementaron rutinas para el lavado de manos?",,171.0,
769,"para el regreso a clases, ¿las autoridades o maestros permiten el ingreso a personas con síntomas de gripe o de resfriado?",,172.0,
770,"para el regreso a clases, ¿las autoridades o maestros establecieron rutinas durante la jornada escolar para desinfectar las áreas comunes?",,173.0,
771,"para el regreso a clases, ¿las autoridades o maestros escalonaron la entrada o salida a la escuela?",,174.0,
772,"para el regreso a clases, ¿las autoridades o maestros escalonaron el recreo en la escuela?",,175.0,
773,"para el regreso a clases, ¿las autoridades o maestros establecieron horarios para el uso del baño?",,176.0,
774,"para el regreso a clases, ¿las autoridades o maestros colocaron señalamientos en la entrada de la escuela para indicar la sana distancia?",,177.0,
775,"para el regreso a clases, ¿las autoridades o maestros mantienen distancia entre los asientos de los niños?",,178.0,
776,"para el regreso a clases, ¿las autoridades o maestros tienen vías exclusivas para el acceso y salida de la escuela?",,179.0,
777,"en su hogar, como medida de protección personal ¿dotaron por su cuenta a los escolares de solución de alcohol/ gel?",,180.0,
778,"en su hogar, como medida de protección personal ¿dotaron por su cuenta a los escolares de cubrebocas?",,181.0,
779,"en su hogar, como medida de protección personal ¿dotaron por su cuenta a los escolares de careta?",,182.0,
780,"en su hogar, como medida de protección personal ¿dotaron por su cuenta a los escolares de jabón?",,183.0,
781,nota12 ssección xiii. alimentación durante el confinamiento,,184.0,161.0
782,nota13 sección xiii. alimentación durante el confinamiento,,185.0,
783,"en comparación con su consumo habitual antes de la pandemia por covid-19, considera que ¿el consumo de frutas en su hogar?",,186.0,
784,"en una semana regular, ¿cuántos días los consumen en su hogar?",,187.0,
785,"en una semana regular, ¿cuántos días los consumen en su hogar?",,189.0,
786,"en una semana regular, ¿cuántos días los consumen en su hogar?",,191.0,
787,"en una semana regular, ¿cuántos días los consumen en su hogar?",,193.0,
788,"en una semana regular, ¿cuántos días los consumen en su hogar?",,195.0,
789,"en una semana regular, ¿cuántos días los consumen en su hogar?",,197.0,
790,"en una semana regular, ¿cuántos días los consumen en su hogar?",,199.0,
791,"en una semana regular, ¿cuántos días los consumen en su hogar?",,201.0,
792,"en una semana regular, ¿cuántos días los consumen en su hogar?",,203.0,
793,"en una semana regular, ¿cuántos días los consumen en su hogar?",,205.0,
794,"en una semana regular, ¿cuántos días los consumen en su hogar?",,207.0,
795,"en comparación con su consumo habitual antes de la pandemia por covid-19, considera que ¿el consumo de verduras en su hogar?",,188.0,
796,"en comparación con su consumo habitual antes de la pandemia por covid-19, considera que ¿el consumo de leguminosas (frijol, lentejas, habas, garbanzos, etc) en su hogar?",,190.0,
797,"en comparación con su consumo habitual antes de la pandemia por covid-19, considera que ¿el consumo de carne de res, carne de cerdo, pollo, pescado en su hogar?",,192.0,
798,"en comparación con su consumo habitual antes de la pandemia por covid-19, considera que ¿el consumo de leche, queso, yogurt, etc,. en su hogar…?",,194.0,
799,"en comparación con su consumo habitual antes de la pandemia por covid-19, considera que ¿el consumo de alimentos como tortilla de maíz, pan integral (no dulce), arroz integral, avena o algún otro cereal integral en su hogar?",,196.0,
800,"en comparación con el consumo habitual antes de la pandemia por covid-19, considera que ¿el consumo de alimentos como tortilla de trigo, pan blanco, arroz o sopa de pasta en su hogar?",,198.0,
801,"en comparación con su consumo habitual antes de la pandemia por covid-19, considera que ¿el consumo de dulces como caramelos o chocolates en su hogar?",,200.0,
802,"en comparación con su consumo habitual antes de la pandemia por covid-19, considera que ¿el consumo de botanas en su hogar?",,202.0,
803,"en comparación con su consumo habitual antes de la pandemia por covid-19, considera que ¿el consumo de pan dulce, pastelillos o postres en su hogar?",,204.0,
804,"en comparación con su consumo habitual antes de la pandemia por covid-19, considera que ¿el consumo de bebidas endulzadas como refrescos, aguas de sabor con azúcar, jugos o néctares de frutas industrializados en su hogar?",,206.0,
805,nota14 sección xiv. situación económica ante el covid-19,,208.0,
806,"piense en su situación actual. los gastos generales de su hogar, si los compara con el inicio de la pandemia a inicios del 2020, ¿actualmente son…",,209.0,
807,"piense en su situación actual. los gastos en alimentos de su hogar, si los compara con el inicio de la pandemia a inicios del 2020, ¿actualmente son ….",,210.0,
808,"si compara la situación actual con el inicio de la pandemia a inicios del 2020, ¿cuántos miembros del hogar perdieron su empleo?",,211.0,
809,"si compara la situación actual con el inicio de la pandemia a inicios del 2020, ¿cuántos miembros del hogar dejaron de percibir ingresos?",,212.0,
810,"si compara la situación actual con el inicio de la pandemia a inicios del 2020, ¿cuántos miembros del hogar tuvieron reducciones en su ingreso?",,213.0,
811,nota15 sección xv. comportamiento ante el covid-19,,214.0,
812,¿actualmente acude a su lugar de trabajo?,,215.0,
813,¿a partir de qué mes y año regresó a su lugar de trabajo de forma rutinaria? mes,,216.0,
814,¿a partir de qué mes y año regresó a su lugar de trabajo de forma rutinaria? año,,217.0,
815,¿en su lugar de trabajo se mantiene una distancia de 1.5 metros entre personas?,,218.0,
816,¿en su lugar de trabajo hay gel antibacterial disponible?,,219.0,
817,¿en su lugar de trabajo hay jabón y agua para lavarse las manos?,,220.0,
818,¿en su lugar de trabajo las personas usan cubrebocas?,,221.0,
819,¿en su lugar de trabajo se estimula que las personas hagan trabajo a distancia tanto como sea posible?,,222.0,
820,¿en su lugar de trabajo las personas de más de 60 años acuden a trabajar?,,223.0,
821,¿en su lugar de trabajo las personas con enfermedades crónicas como diabetes e hipertensión acuden a trabajar?,,224.0,
822,¿en su lugar de trabajo se ha implementado un esquema de horarios escalonados para disminuir el número de personas en el espacio?,,225.0,
823,¿cuenta usted el tiempo cuando se lava las manos ?,,226.0,
824,¿aproximadamente cuántas veces se lava las manos al día?,,227.0,
825,¿cuánto tiempo ocupa en lavarse las manos? segundos,,228.0,
826,¿cuánto tiempo ocupa en lavarse las manos? minutos,,229.0,
827,¿en su hogar sanitizan las cosas que compran cuando llegan a casa?,,231.0,
828,¿en su hogar han realizado reuniones o celebraciones a los que acudan personas que no viven con usted?,,234.0,
829,nota16 sección xvi. vacunación,,236.0,162.0
830,region,,242.0,
831,estrato urbanidad/ruralidad,,244.0,170.0
832, estrato de seleccion,,245.0,171.0
833,tiempo hora,,,1.0
834,tiempo minutos,,,2.0
835,tiempo suma inicio,,,3.0
836,tiempo suma fin,,,4.0
837,jefe del hogar,,,69.0
838,¿usted o algún integrante de su hogar tiene calentador de agua?,,,88.0
839,¿usted o algún integrante de su hogar tiene tinaco?,,,89.0
840,¿usted o algún integrante de su hogar tiene cisterna o aljibe?,,,90.0
841,¿usted o algún integrante de su hogar tiene medidor de luz?,,,91.0
842,¿usted o algún integrante de su hogar tiene aire acondicionado?,,,92.0
843,"¿usted o algún integrante de su hogar tiene otra casa, construcción, inmueble o terreno?",,,93.0
844,¿usted o algún integrante de su hogar tiene automóvil?,,,94.0
845,¿usted o algún integrante de su hogar tiene camioneta?,,,95.0
846,¿usted o algún integrante de su hogar tiene motocicleta o motoneta?,,,96.0
847,"¿usted o algún integrante de su hogar tiene otro vehículo (como lancha, trajinera o canoa)?",,,97.0
848,"en las últimas 4 semanas, ¿con qué frecuencia se ha interrumpido o disminuido el suministro de las fuentes principales de agua en su hogar (por ejemplo, menor presión o interrupción del agua entubada, menor caudal en el río donde se abastece e",,,101.0
849,"en las últimas 4 semanas, ¿con qué frecuencia usted o alguien en su hogar tuvo que cambiar sus horarios o planes debido a problemas con el agua, tales como problemas para obtener o distribuir agua dentro del hogar?",,,103.0
850,"en las últimas 4 semanas, ¿con qué frecuencia usted o alguien en su hogar, no pudo lavarse las manos después de actividades poco higiénicas porque no tenía suficiente agua?",,,105.0
851,"en las últimas 4 semanas, ¿con qué frecuencia usted o alguien en su hogar no pudo bañarse porque no había suficiente agua? (por ejemplo, no había suficiente agua, estaba sucia, o era de difícil acceso)",,,106.0
852,"en las últimas 4 semanas, ¿con qué frecuencia no hubo en su hogar agua apta o recomendable para uso en el hogar o para consumo humano?",,,110.0
853,"en las últimas 4 semanas, ¿con qué frecuencia usted o alguien en su hogar sintió vergüenza o rechazo de otros a causa de los problemas con el agua?",,,111.0
854,nota08a1 sección viii.a. suministro y manejo de agua,,,112.0
855,"8.a.1. ¿quién es la persona encargada de organizar el agua dentro del hogar? por ejemplo, estar al pendiente de la llegada del agua, prender la bomba, preparar cubetas, llenar el tinaco, etc.",,,113.0
856,8.a.1.esp especifique,,,114.0
857,8.a.2. entrevistador selecciona el número de renglón del integrante,,,115.0
858,nota08a2 continuidad en el abastecimiento de agua al hogar,,,116.0
859,"8.a.3. en las últimas 4 semanas, ¿con qué frecuencia llegó agua entubada a su vivienda?",,,117.0
860,8.a.401 ¿llega agua entubada a su vivienda el día lunes?,,,118.0
861,8.a.501 ¿durante cuántas horas al día llega?,,,119.0
862,8.a.402 ¿llega agua entubada a su vivienda el día martes?,,,120.0
863,8.a.502 ¿durante cuántas horas al día llega?,,,121.0
864,8.a.403¿llega agua entubada a su vivienda el día miércoles?,,,122.0
865,8.a.503 ¿durante cuántas horas al día llega?,,,123.0
866,8.a.404 ¿llega agua entubada a su vivienda el día jueves?,,,124.0
867,8.a.504 ¿durante cuántas horas al día llega?,,,125.0
868,8.a.405 ¿llega agua entubada a su vivienda el día viernes?,,,126.0
869,8.a.505 ¿durante cuántas horas al día llega?,,,127.0
870,8.a.406 ¿llega agua entubada a su vivienda el día sábado?,,,128.0
871,8.a.506 ¿durante cuántas horas al día llega?,,,129.0
872,8.a.407 ¿llega agua entubada a su vivienda el día domingo?,,,130.0
873,8.a.507 ¿durante cuántas horas al día llega?,,,131.0
874,"8.a.408 ¿llega agua entubada a su vivienda, no sabe, varia todas las semanas",,,132.0
875,8.a.508 ¿durante cuántas horas al día llega?,,,133.0
876,"8.a.409 ¿llega agua entubada a su vivienda, no sabe, desconozco la frecuencia",,,134.0
877,8.a.509 ¿durante cuántas horas al día llega?,,,135.0
878,"8.a.6. ahora le voy a preguntar sobre la escasez del agua. por favor, piense en la temporada en que llegó menos agua y con menos frecuencia durante los últimos 12 meses. ¿en qué mes empezó la temporada en la que escaseó más el agua en su viv",,,136.0
879,8.a.7. ¿cuánto tiempo duró la temporada de mayor escasez?,,,137.0
880,"8.a.8. durante la temporada de escasez, ¿con qué frecuencia llegó agua entubada a su vivienda…",,,138.0
881,nota08a3 almacenamiento y tratamiento del agua para beber,,,139.0
882,"8.a.9.1. ¿en esta vivienda el agua, se almacena?",,,140.0
883,"8.a.9a. ¿en esta vivienda el agua, se almacena en una cisterna?",,,141.0
884,"8.a.9b. ¿en esta vivienda el agua, se almacena en un tinaco?",,,142.0
885,"8.a.9c. ¿en esta vivienda el agua, se almacena en una cubeta u otro contenedor sin tapa?",,,143.0
886,"8.a.9d. ¿en esta vivienda el agua, se almacena en una cubeta u otro contenedor con tapa?",,,144.0
887,8.a.9e.¿en esta vivienda usan otro tipo de almacenamiento para el agua?,,,145.0
888,8.a.9esp. ¿en esta vivienda que otro tipo de almacenamiento usan para el agua? especifique,,,146.0
889,"8.a.10.1 ¿el agua que se usa para beber en este hogar, se trata?",,,147.0
890,"8.a.10a. ¿el agua que se usa para beber en este hogar, se filtra?",,,148.0
891,"8.a.10b. ¿el agua que se usa para beber en este hogar, se hierve?",,,149.0
892,"8.a.10c. ¿el agua que se usa para beber en este hogar, se trata con desinfectantes químicos (por ejemplo, cloro)?",,,150.0
893,"8.a.10d. ¿el agua que se usa para beber en este hogar, se trata con desinfección solar?",,,151.0
894,"8.a.10e. ¿el agua que se usa para beber en este hogar, le aplica otro tratamiento?",,,152.0
895,"8.a.10es. ¿el agua que se usa para beber en este hogar, le aplica otro tratamiento? especifique",,,153.0
896,nota08a4 fuente de agua para uso doméstico,,,154.0
897,8.a.11. ¿cuál es la principal fuente de agua que los miembros de su hogar usan para beber?,,,155.0
898,8.a.11.esp especificar,,,156.0
899,8.a.12. ¿cuál es la principal fuente de agua que los miembros de su hogar usan para cocinar?,,,157.0
900,8.a.12.esp especificar,,,158.0
901,"8.a.13. ¿cuál es la principal fuente de agua que los miembros de su hogar usan para lavarse las manos o bañarse, etc.?",,,159.0
902,8.a.13.esp especificar,,,160.0
903,hogar con al menos un integrante que habla alguna lengua indígena,,,172.0
